﻿heb,eng
אלמוג אבן ניר,Almog Aben Nir
Tabit Support,Yuri Cohen
ליאור דמרי,Lior Demri
אריק דרחני,Arik Darhani
ארד עוזרד,Arad Ozrad
סנטה  קטרינה,Santa Catrina
תומר בן אשר,Tomer Ben Ashar
מולי מגריסו,Moli Magrisso
הדר פילצביץ,Hadar Piltziviz
דור אשור,Dor Ashor
מעין רביב,Mayan Raviv
דניאל שטרקמן,Daniel Shtarkman
ליאור כץ,Lior Katz
ברברה ברונקהורסט,Barbara Borchenhorst
אורי מרקוביץ',Ori Marcovich
מטר פימה,Matar Pima
Amjad Jayossi,Amjad Jayossi
תומר קלפפיש,Tomer Klapphish
אדם רוטהולץ,Adam Rotholtz
שחר וקנין,Shahar Vaknin
מאור גנון,Maor Ganon
יוגב גל,Yogev Gal
ענת בליאבין,Anat Belyabin
ליאור תמרי,Lior Tamari
רועי שטיגל,Roi Shtigel
יובל עברי,Yuval Ivri
רז אלבו,Raz Albo
אופק איטח,Ofek Itach
אסף שרם,Asaf Sharm
גיא רגב,Guy Regev
אלמוג אבן ניר.1,Almog Aben Nir
אלון פרידמן,Alon Fridman