﻿heb,eng
מוסקופילרו מנטניאה,Boutari Moschofilero
ג'ק דניאלס דבש, Jack Daniels Honey
מטואה, Sauvignon Blanc Matua
מטואה סוביניון בלאן, Sauvignon Blanc Matua
סוביניון בלאן מטואה, Sauvignon Blanc Matua
נט סובניון בלאן, Sauvignon Blanc Net
2T - ירדן,2T Yarden
תבשיל לוביה חם,A Warm Lobia Stew
אלאסטרו פלנטה,Alastro Planeta
אלבריניו מרייטה,Albarino Marieta
אמרטו דיסרונו,Amaretto Disaronno
אמרו מונטנגרו,Amaro Montenegro
אמרו נגרו,Amaro Negro
אמריקנו,Americano
אנטליה מיול,Anatalia Mule
אנקרה הוטל,Ankra Hotel
אפרול,Aperol
אפרול שפריץ,Aperol Spritz
מגש מזטים I,Appetizers Plate #1
מגש מזטים II,Appetizers Plate #2
תפוחים,Apple Juice
ארעיס,Arais
ערק עלית,Arak Elite
בקבוק ערק עלית,Arak Elite Bottle
ארטישוק,Artichoke
אטא - טורק,Ata-Turk
אטלנטיס ארגירוס,Atlantis Argyros
בושנדל שנין בלאן,Chenin Blanc Boschendal 
שנין בלאן,Chenin Blanc Boschendal 
ברוסה קוט דה רון,Cotes Du Rhone Brusset
קוט דה רון,Cotes Du Rhone Brusset
קאזמאטה,Kazamata
סנסר לה שאטו,Sancerre Lacheteau
באבאגנוש בורגר,Baba Ghanoush
בקרדי 8,Bacardi 8
בקרדי שחור,Bacardi Black
בקרדי ספייסד,Bacardi Spiced
בייליס,Baileys
באליק קופתא,Balik Cufta
באליק קופתא 4 יח',Balik Cufta 4 Pcs
בלקאניקה,Balkanika
בלוויני 12,Balvenie 12
בארכה גארדן,Baraka Garden
ברבדוס נגרוני,Barbados Negroni
ברברסקו,Barbaresco Prunotto
ברברסקו פרונטו,Barbaresco Prunotto
ברברה דיאסטי,Barbera D'Asti
ברבוניות,Barbonia
קוקטייל ברבי,Barby Cocktail
בסבוסה די,Basbusa Die
טרטר בקר,Beef Tartar
בנדקטין,Benedictine
כ.ברטאני לוגאנה,G. Bertani Le Quaiare Lugana
ברטאני לוגאנה,Bertani Le Quaiare Lugana
פינג'ן גדול,Big Finjan
פלאסק יום הולדת,Birthday Flask
פלאסק יום הולדת - טרופיקל,Birthday Flask
בלאק בוש,Black Bush
קפה שחור,Black Coffee
בלאק גראוס,Black Grouse
בלאק סיל,Black Seal
בלאק טיי,Black Tie
בלאק טוליפ,Black Tulip
בלאן דה בלאן - ירדן,Blanc De Blanc Yarden
בלו ברי שפריץ,Blueberry Spritz
בלומון,Bluemoon
בומביי בראמבל,Bombay Bramble
בומביי,Bombay Sapphire
צ'ייסר ברבי,Bombay Sapphire
בקבוק בומביי,Bombay Sapphire Bottle
דמי חליצה- אלכוהול כבד,Bottle Opening Fee - Spitirs
דמי חליצה-חריף,Bottle Opening Fee - Spitirs
דמי חליצה,Bottle Opening Fee - Wine
בוכא בוקובזה,Boukha Bokobsa
בולואדיר נגרוני,Boulevardier
לחם,Bread
בראוניז,Brownies
בראמבל קלאב,Brumble Club
ברוסקטה פסטורמה,Bruschetta Pastorma
שמפנייה ברוט מאז'ור,Brut Majeur Champagne
מסטיק,Bubblegum
באדוויזר,Budweiser 
קברנה פרנק ויתקין,Cabarnet Frank Vitkin
בק קברנה אדמה,Cabarnet Sauvignon Adama Tabor
קברנה סובניון קולומביה,Cabarnet Sauvignon Colombia
קברנה סובניון פלאם,Cabarnet Sauvignon Flam
קאלף שפריץ,Calf Spritz
קלבדוס,Calvados
קמפרי,Campari
ב.קמפרי,Campari Bottle
בקבוק קמפרי,Campari Bottle
קפוצ'ינו,Cappuccino
קפוצ’ינו,Cappuccino
קריניאן יזרעאל,Carignan Izrael
קריניאן ויתקין,Carignan Vitkin
סלט כרוביות,Cauliflower Salad
סלט כרוביות ראשון,Cauliflower Salad
קאווה,Cava
קאווה מרטיני,Cava Martini
צ.אמרטו דיסרונו,Ch. Amaretto Disaronno
צ. אמרו מונטנגרו,Ch. Amaro Montenegro
צ.אמרו מונטנגרו,Ch. Amaro Montenegro
צ.אפרול,Ch. Aperol
צ.ערק עלית,Ch. Arak Elite
צ.בקרדי 8,Ch. Bacardi 8
צ.בקרדי שחור,Ch. Bacardi Black
צ.בקרדי ספייסד,Ch. Bacardi Spiced
צ.בייליס,Ch. Baileys
צ.בלוויני 12,Ch. Balvenie 12
צ.ברבריאני ירוק,Ch. Barbayanni Green 
צ.בנדקטין,Ch. Benedictine
צ.בלאק בוש,Ch. Black Bush
צ.בלאק גראוס,Ch. Black Grouse
צ. בלאק סיל,Ch. Black Seal
צ.בומביי בראמבל,Ch. Bombay Bramble
צ. בומביי,Ch. Bombay Sapphire
צ.בומביי,Ch. Bombay Sapphire
צ.בוכא בוקובזה,Ch. Boukha Bokobsa
צ. קלבדוס,Ch. Calvados
צ.קמפרי,Ch. Campari
צ.שרטרז ירוק,Ch. Chartreuse Green
צ.קואנטרו,Ch. Cointreau
צ.קורווזיה VS,Ch. Courvoisier Vs
צ.קורווזיה VSOP,Ch. Courvoisier Vsop
צ.קורווזיה XO,Ch. Courvoisier Xo
צ. דיוארס,Ch. Dewars 12
צ.דיוארס,Ch. Dewars 12
צ.דיוארס 12,Ch. Dewars 12
צ.דרמבוי,Ch. Drambuie
צ.אל חימדור רפוסדו,Ch. El Jimador Reposado
צ.פרנה ברנקה,Ch. Fernet Branca
צ.פידג',Ch. Figgie
צ. פינלנדיה,Ch. Finlandia
צ.פינלנדיה,Ch. Finlandia
צ.פנלנדייה,Ch. Finlandia
צ.ג'נטלמן ג'ק,Ch. Gentleman Jack
צ.גלנפידיך 12,Ch. Glenfiddich 12
צ.גלנפידיך 15,Ch. Glenfiddich 15
צ.גלנמורנג'י 10,Ch. Glenmorangie 10
צ.גריי גוס,Ch. Grey Goose
צ.גרייגוס,Ch. Grey Goose
צ.הנדריקס,Ch. Hendricks
צ.הנסי VS,Ch. Hennessy Vs
צ.הנסי VSOP,Ch. Hennessy Vsop
צ.הרדורה אנייחו,Ch. Herradura Anejo
צ.היילנד פארק 12,Ch. Highland Park 12
צ.ג'ק דניאלס דבש,Ch. Honey Jack Daniels
צ.ג'ק דניאלס,Ch. Jack Daniels
צ.ג'יימסון,Ch. Jameson
צ. גי בי JB,Ch. Jb
צ.ג'וני ווקר שחור,Ch. Johny Walker Black Label
צ.קטל 1,Ch. Ketel 1
צ.לפרויג 10,Ch. Laphroaig 10
צ.לימונצ'לו,Ch. Limoncello
צ.מקאלן 12,Ch. Macallan 12
צ.מקאלן 15,Ch. Macallan 15
צ.מקאלן 18,Ch. Macallan 18
צ.ג'ין מארה,Ch. Mare
צ.מרטיני ביאנקו,Ch. Martini Bianco
צ.מרטיני ביטר,Ch. Martini Bitter
צ.מרטיני יבש,Ch. Martini Extra Dry
צ.מרטיני רוסו,Ch. Martini Rosso
צ. מזקל,Ch. Mezcal
צ.מידורי,Ch. Midori
צ.אוזו ברבריאני כחול,Ch. Ouzo Barbayanni Blue 
צ.אוזו פלומרי,Ch. Ouzo Plumari
צ.אוזו טסאנטלי,Ch. Ouzo Tsantali
צ.פטרון אנייחו,Ch. Patron Anejo
צ.פטרון סילבר,Ch. Patron Silver
צ.פרנו,Ch. Pernod
צ.פינאקל טעמים,Ch. Pinnacle
צ.רום פלנטיישן,Ch. Plantation 3 Stars
צ. סאוזה גולד,Ch. Sauza Gold
צ.סאוזה גולד,Ch. Sauza Gold
צ.סאוטרן קומפורט,Ch. Southern Comfort
צ.סן ז'רמן,Ch. St Germain
צ. וודקה טיטוס,Ch. Tito's
צ. טיטוס,Ch. Tito's
צ.וודפורד ריזרב,Ch. Woodford Reserve
צ.יני ראקי,Ch. Yini Raki
שבלי אלברט בישו,Chablis Albert Bichot
שבלי פרמייר קרו,Chablis Premier Cru
צ'י קופתא,Chai Cufta
קמומיל סאוור,Chamomile Sour
שרדונה קסטל,Chardonnay Castel
קצרין שרדונה,Chardonnay Katzrin
שרדונה כרם אודם,Chardonnay Odem
שרדונה רקאנטי,Chardonnay Recanati
שרטרז ירוק,Chartreuse Green
עוגת גבינה,Cheese Cake
פרגית במנגולד,Chicken Fillet In Chard
סיגר פסטרומה,Cigar Pastroma
4 סיגר פסטורמה,Cigar Pastroma 4P
סינמון שפריץ,Cinnamon Spritz
מרגריטה קלאסית,Classic Margarita
קולה,Coca-Cola
דיאט קולה,Coca-Cola Diet
קולה זירו,Coca-Cola Zero
קוקטייל ספיישל,Cocktail Special
מלבי,Coconut Malbi
מלבי קוקוס,Coconut Malbi
קואנטרו,Cointreau
אמריקנו קר,Cold Americano
קפה קר,Cold Coffee
קוקי סאן ז'אק,Coquille Saint-Jacques
קורונה,Corona
קוסמופוליטן,Cosmopolitan
קורווזיה IN LOVE,Courvoisier In Love
קורווזיה VS,Courvoisier Vs
קורווזיה VSOP,Courvoisier Vsop
קורווזיה XO,Courvoisier Xo
קראביס ג'ינג'ר,Crabbies Ginger Beer
קראיס ג'ינג'ר,Crabbies Ginger Beer
קרנברי,Cranberry Juice
קובה ליברה,Cuba Libre
דאקירי,Daquiri
דיוארס,Dewars
דיוארס 12,Dewars 12
שווארמה דונר,Doner Shawarma
דונר טאבוק,Doner Tabuk
"דונר טאבוק, פרגית במרינדת יוגורט, תפוח אדמה, קרם חציל, סלט עלי טעם ועמבה.",Doner Tabuk
אספרסו כפול,Double Espresso
מקיאטו  כפול,Double Macchiato
דרמבוי,Drambuie
דריי מרטיני,Dry Martini
ת.תפוחים,E. Apple Juice
ת.קולה,E. Coca-Cola
ת.דיאט קולה,E. Coca-Cola Diet
ת.קולה זירו,E. Coca-Cola Zero
ת.קרנברי,E. Cranberry Juice
ת.ג'ינג'ר אייל,E. Ginger Ale
ת.אשכוליות,E. Grapefruit Juice
ת.לימונדה,E. Lemonade
ת.תפוזים,E. Orange Juice
ת.אננס,E. Pineapple Juice
ת.סודה קטן,E. Soda
ת.סוואר,E. Sour
ת.ספרייט,E. Sprite
ת.ספרייט זירו,E. Sprite Zero
ת.טוניק,E. Tonic
"סלט מ""אדנה""",Edna'S Salad
מפרום חציל,Eggplant Mafrum
El Camello Loco,El Camello Loco
אל חימדור רפוסדו,El Jimador Reposado
אספרסו,Espresso
פאבה לימה,Faba Lima
פיימוס גראוס,Famous Grouse
פרנה ברנקה,Fernet Branca
פררלה,Ferrarelle
פטה,Feta
מנקיש תרד וגבינה,Feta & Spinach Manakish
פידג',Figgie
גוזלמה תאנים,Figs Gozlema
פילה בורי,Fillet Mullet
משולשי פילו רגיל,Filo Snacks
פינלנדיה,Finlandia
פנלנדייה,Finlandia
בקבוק פינלנדיה,Finlandia Bottle
פיש אנד צ'יפס,Fish & Fries
שווארמה דג,Fish Shawarma
טרטר דג,Fish Tartar
ארטישוק טרי,Fresh Artichoke
פריקסה מוסר,Fricassee Drumfish
צ'יפס,Fries
כ. מטואה,G.  Sauvignon Blanc Matua
כ. סובניון בלאן מטואה,G.  Sauvignon Blanc Matua
ס. סובניון בלאן מטואה,G.  Sauvignon Blanc Matua
כ. אלאסטרו פלנטה,G. Alastro Planeta
כ. אמרו נגרו,G. Amaro Negro
כ.אטלנטיס טרגירוס,G. Atlantis Argyros
כ. בלאק טיי,G. Black Tie
כוס שמפיין ברוט מאז'ור,G. Brut Majeur Champagne
כוס קברנה פרנק,G. Cabarnet Frank
כ. קברנה פרנק,G. Cabarnet Frank Vitkin
כוס קברנה פראנק,G. Cabarnet Frank Vitkin
כ. קברנה אדמה,G. Cabarnet Sauvignon Adama Tabor
כוס קברנה סובניון קולומביה,G. Cabarnet Sauvignon Colombia
כוס קריניאן יזרעאל,G. Carignan Izrael
כ. קריניאן ויתקין,G. Carignan Vitkin
כוס קאווה ברוט,G. Cava
כ. שבלי אלברט בישו,G. Chablis Albert Bichot
כוס שבלי אלברט בישו,G. Chablis Albert Bichot
כוס שבלי פרי,G. Chablis Premier Cru
כ. שרדונה,G. Chardonnay Odem
כ. שרדונה כרם אודם,G. Chardonnay Odem
כ. שרדונה רזרב רקנאטי,G. Chardonnay Recanati
כ. שרדונה רקנאטי,G. Chardonnay Recanati
כוס. שרדונה רקאנטי,G. Chardonnay Recanati
כוס שנין בלאן,G. Chenin Blanc Boschendal 
כוס קוט דה רון,G. Cotes Du Rhone Brusset
כוס גרי דה מרסלאן,G. Gris De Marselan Recanati
כ. גוורץ אדמה,G. Gwerzterminer Adama Tabor
כ. גוורצטרמינר ירדן,G. Gwerzterminer Yarden
כוס אלטס הרנסיה,G. Herencia Altes
כוס קאזמאטה,G. Kazamata
כ. לוגאנה זנאטו,G. Lugana Zenato
כ. מסע ישראלי ויתקין,G. Masa Israeli Vitkin
כוס מוסקט ירדן,G. Muscat Yarden
כוס פינו,G. Pinot Grigio
כ. פיזראס דה אוטריו,G. Pizarras De Otreo
כ. סולוסולה,G. Poggio Al Tesoro Solosole
כוס פורט,G. Port
כוס פרימיטיבו אל פומו,G. Primitivo Il Pumo
כ. פרימיטיבו סלנטו,G. Primitivo Salento 
כוס פרימיטיבו,G. Primitivo Salento 
כ. פרוסקו מיונטו,G. Prosecco Minuto
כוס יסמין אדום,G. Red Jasmine Recanati
כ. פינקה ריוחה,G. Rioja Crianza
כ. ריוחה גרנד רזרב,G. Rioja Grand Reserve
כוס ריוחה רסרב,G. Rioja Reserve
כ. רוזה אדמה,G. Rose Adama Tabor
כוס רוזה ריוחה,G. Rose Rioja
כ. רוסאן אדמה,G. Roussanne Adama Tabor
כוס סנסר לה שאטו,G. Sancerre Lacheteau
כוס סובניון בלאן מד האוס,G. Sauvignon Blanc Med House
כוס נט סובניון בלאן,G. Sauvignon Blanc Net
כוס סטרלינג סוביניון בלאן,G. Sauvignon Blanc Sterling
כוס שיראז קברנה ראוסונס רטריט,G. Shiraz Cabarnet Rawson's Retreat
כוס ירדן סירה,G. Shiraz Yarden
כ. וילה ברוקלין,G. Villa Brooklyn
כ. וויט פראנק,G. White Frank
כ. וויט פרנק,G. White Frank
כוס גראנש לבן,G. White Grenache
כוס יסמין לבן,G. White Jasmine Recanati
כ. וייט טוליפ,G. White Tulip
כ. זנטו ולפוליצלה,G. Zenato Valpolicella Ripassa
כ. צוויגלט,G. Zweigelt
כ. גוורצטרמינר מאסטרי,G. Gwerzterminer Mastri
כוס גוורצטרמינר מאסטרי,G. Gwerzterminer Mastri
גליל יראון 2013,Galil Yiron 2013
ג'נטלמן ג'ק,Gentleman Jack
מרגריטת ענק,Giant Margarita
ג'ין וטוניק מהשוק,Gin And Tonic From The Market
ג'ין ג'ין מיול,Gin Mule
ג'ינג'ר אייל,Ginger Ale
גלנפידיך 12,Glenfiddich 12
גלנפידיך 15,Glenfiddich 15
גלנמורנג'י 10,Glenmorangie
לחם ללא גלוטן,Gluten-Free Bread
ת.לחם ללא גלוטן,Gluten-Free Bread
גונדר שפריץ,Gonder Spritz
גוזולמה,Gozlema
גרנד מרנייה,Grand Marnier
אשכוליות,Grapefruit Juice
גראפה,Grappa
דיל יווני,Greek Deal
שקד ירוק,Green Almond
גרין דקירי,Green Daquiri
גריי גוס,Grey Goose
בקבוק גריי גוס,Grey Goose Bottle
גרי דה מרסלאן,Gris De Marselan Recanati
בק גוורץ אדמה,Gwerzterminer Adama Tabor
גוורצטרמינר מאסטרי,Gwerzterminer Mastri 
גוורצטרמינר ירדן,Gwerzterminer Yarden
המבורגר,Hamburger
נתח קצבים,Hanger Steak
חנינא שפריץ,Hanina Spritz
הנדריקס,Hendricks
בקבוק הנדריקס,Hendrics Gin Bottle
הנסי VS,Hennessy Vs
הנסי VSOP,Hennessy Vsop
אלטס הרנסיה,Herencia Altes
הרדורה אנייחו,Herradura Anejo
היילנד פארק 12,Highland Park 12
הוגרדן,Hoegaarden
האני ג'ין טי,Honey Gin Tea
שתייה חמה,Hot Drink
חצילים חם,Hot Eggplant
סיידר חם,Hot Sider
מים עם נענע,Hot Water With Mint
הוריקן,Huriccane
איקרה,Ikra
פידה חלקי פנים,Interior Parts Pide 
פילו חלקי פנים,Interior Parts Pide 
סשימי אינטיאס,Intias Sashimi
ברודוג פאנק IPA,Ipa Brewdog Punk
אירינגי ותירס,Irngi And Corn
ג'ק דניאלס,Jack Daniels
ג'ק דניאל 375,Jack Daniels 375 ml
בקבוק ג'ק דניאלס,Jack Daniels 375 ml
ג'אפה ביי בריז,Jaffa Bay Breeze
ג'יימסון,Jameson
בקבוק ג'יימסון,Jameson Bottle
גי בי JB,Jb
ג'וני ווקר שחור,Johny Walker Black Label
גלילות קדאיף,Kadaif Rolls
קזאמטה ביבי גרץ,Kazamata
קנטקי פרייד טירצ'י,Kentucky Fried Chirshi
קטל 1,Ketel 1
בקבוק קטל וואן,Ketel 1 Bottle
המבורגר ילד,Kids Burger
פסטה ילד,Kids Pasta
פיצה ילד,Kids Pizza
פולנטה ילדים,Kids Polenta
פונלטה ילד,Kids Polenta
קיר רויאל,Kir Royal
כנאפה,Knaffeh
קובה ניה,Kubba Nia
קובה 3 יח',Kubba Nia 3 Pieces
קובה 4 יח',Kubba Nia 4 Pieces
"לחמא בעג'ין, טלה קצוץ, עגבניות, יוגורט מעושן, בצל סומק וסלסת עשבים.",Lachma Ba'Ajeen
לאפה,Laffa
ארטישוק טלה,Lamb Artichoke
בייקון טלה,Lamb Bacon
פידה בייקון טלה ושרימפס,Lamb Bacon And Shrimp Pide
מוח עגל,Lamb Brain
צלעות טלה,Lamb Chops
קבב טלה,Lamb Kabab
צוואר,Lamb Neck
פידה צוואר טלה,Lamb Neck Pide
ריזוטו טלה,Lamb Risotto
לפרויג 10,Laphroaig 10
לורן פרייה,Laurent Perrier
סלט עלים וזוקיני,Leaf And Zucchini Salad 
ברולה לימון,Lemon Brulee
לימונדה,Lemonade
פאבה עדשים,Lentil Faba
like a tiki,Like A Tiki
לימונצ'לו,Limoncello
לוקמס,Lokmas
לונדון פרייד,London Fried
לוגאנה זנאטו,Lugana Zenato
מקאלן 12,Macallan 12
מקאלן 15,Macallan 15
מקאלן 18,Macallan 18
מקאלן מהדורה 3,Macallan Edition No.3
מקיאטו,Macchiato
מייד אין קובה,Made In Cuba
מאי טיים,Mai Thyme
ירדן מלבק,Malbec Yarden
מלפוף,Malfouf
מלכה בהירה,Malka Blond Ale
מלכה אדמונית,Malka Pale Ale
מנדולאס אורימוס,Mandolas Oremus
ג'ין מארה,Mare
מרגריטת רוקה פטרון,Margarita (Patron Roca)
מרגריטה קלאסית פטרון,Margarita (Patron)
מרמריס,Marmaris
מרטיני ביאנקו,Martini Bianco
מרטיני ביטר,Martini Bitter
מרטיני יבש,Martini Extra Dry
מרטיני רוסו,Martini Rosso
מסע ישראלי ויתקין,Masa Israeli Vitkin
ברולה מסטיקה,Mastika Brulee
מצות,Matza
פילה מוסר,Drumfish Fillet
"פילה מוסר ים, עשבי תיבול, קרם ארטישוק ירושלמי וסלט קייסיר.",Drumfish Fillet
מזקל,Mezcal
מידורי,Midori
מילפיי,Mille Feuille
מימוזה,Mimosa
מיני מלבי,Mini Malbi
מינוטי M,Minuty M
מופלטה,Mofletta
מוחיטו,Mojito
מאנקי 47,Monkey 47
מוסקו מיול,Mosco Mule
מולברי שפריץ,Mulbary Spritz
בקבוק מוסקט,Muscat Yarden
מוסקט,Muscat Yarden
מוסקט ,Muscat Yarden
מוסקה,Muska
מולים באוזו,Mussels In Ouzo
מיסטיק,Mystic
בקבוק  2,Mythos 2 Bottles
מיטוס זוגי,Mythos 2 Bottles
3 מיטוס,Mythos 3 Bottles
בקבוק 3,Mythos 3 Bottles
4 מיטוס,Mythos 4 Bottles
בקבוק 4,Mythos 4 Bottles
6 מיטוס,Mythos 6 Bottles
8 מיטוס,Mythos 8 Bottles
בירה מיטוס,Mythos Bottle
בירה מיתוס,Mythos Bottle
בקבוק 1,Mythos Bottle
דיל מיתוב 330,Mythos Bottle
מיטוס חבית,Mythos Draft
מיטוס TA,Mythos Draft Ta
נגב אואזיס,Negev Oasis
נגרוני,Negroni
נגרוני סבאגליאטו,Negroni Sabagliato
נמסיס,Nemesis Cake
מים 500,Neviot 500 ml
נביעות 500,Neviot 500 ml
נביעות 750,Neviot 750 ml
ניו יורק סטייק,New York Steak
נוסטרום מאיה,Nustrom Maia
זרוע תמנון,Octopus
Old Cuban,Old Cuban
אולד פאשיין,Old Fashioned
מרגריטה שמן זית,Olive Oil Margarita
מרגריטת שמנז  פטרון,Olive Oil Margarita (Patron)
אונזה בורגר,Onza Burger
אונזה ספיישל,Onza Special
המרגריטה הסגולה של אונזה,Onza'S Purple Margarita
תפוזים,Orange Juice
צ'ייסר פינוק,Oth Chaser
צ'ייסר פינוק טורקי קטן,Oth Chaser
אוזו ברבריאני כחול,Ouzo Barbayanni Blue 
ברבריאני ירוק,Ouzo Barbayanni Green 
אוזו פלומרי,Ouzo Plumari
אוזו טסאנטלי,Ouzo Tsantali
אוזו טסנטלי 200 מל,Ouzo Tsantali 200 ml
בקבוק אוזו טסנטלי,Ouzo Tsantali Bottle
פידה זנב שור,Ox Tail Pide
פלמידה,Palmida
פנקוטה,Panna Cotta
פפרדלה טולום,Pappardelle Tulum
פסטרומה,Pastroma
אקמק פסטורמה,Pastroma Akmak
פטרון אנייחו,Patron Anejo
ב. פטרון אנייחו,Patron Anejo Bottle
בקבוק פטרון אנייחו,Patron Anejo Bottle
פטרון סילבר,Patron Silver
ב.פטרון סילבר,Patron Silver Bottle
שדרוג פטרון סילבר,Patron Silver Upgrade
פנצילין,Penicillin
פרנו,Pernod
פטיט סירה ויתקין,Petite Sirah Vitkin
משולשי פילו,Filo Snacks
פידה אראזי,Pide Arazi
פידה רוקה,Pide Roka
פידה שווארמה,Pide Shawarma
פינה קולודה,Pina Colada
אננס,Pineapple Juice
פינו נואר קאוויט,Pinot Noir Cavit
פינו נואר ויתקין,Pinot Noir Vitkin
פינו נואר ירדן,Pinot Noir Yarden
פיזראס דה אוטוריו,Pizarras De Otreo
פלנטיישן 3 כוכבים,Plantation 3 Stars
בקבוק פלומרי,Plumari Bottle
סולוסולה,Poggio Al Tesoro Solosole
בקבוק פורט,Port Wine Bottle
שוקולד פרלינה,Praline Chocolate
פרימיטיבו אל פומו,Primitivo Il Pumo
פרימיטיבו סלנטו,Primitivo Salento 
מגנום פרוסקו,Prosecco Magnum
פרוסקו מיונטו,Prosecco Minuto
מסבחה דלעת,Pumpkin Masabacha
בקבוק ראקי,Raki Bottle
כ.שרדונה רונסון ריטריט,G. Rawsons Retreat Chardonnay
בקבוק יסמין אדום,Red Jasmine Recanati
ריזלינג טרימבאך,Riesling Trimbach
ריזלינג טרימבך,Riesling Trimbach
ריוחה קריאנזה,Rioja Crianza
ריוחה גרנד רזרב,Rioja Grand Reserve
פינקה רזרבה ריוחה,Rioja Reserve
בק רוזה אדמה,Rose Adama Tabor
רוזה ריוחה,Rose Rioja
רוזיטה נגרוני,Rosita Negroni
שייטל,Round Steak
טרטר שייטל,Round Steak Tartar
בק רוסאן אדמה,Roussanne Adama Tabor
סנגריה,Sangeria
סנגריה  אלכוהולי,Sangeria
סשימי,Sashimi
סובניון בלאן מד האוס,Sauvignon Blanc Med House
סטרלינג סוביניון בלאן,Sauvignon Blanc Sterling
סאוזה גולד,Sauza Gold
ריזוטו ים,Sea Food Risotto
לברק עשבי תיבול,Seabass Herbs
לברק עשבי תיבול ראשון,Seabass Herbs
סמבוסק לברק,Seabass Sambusak
סיפוד חנינא,Seafood Hanina
"סיפוד חנינא, קלמרי, שרימפס, זוקיני, עשבי תיבול ויוגורט מעושן.",Seafood Hanina
מחבת פירות ים מהטאבון,Seafood Pan From The Tabon
קלמרי צרוב,Seared Calamari 
ספיחה,Sfiha
שנדי,Shandy
שיראז קברנה ראוסונס רטריט,Shiraz Cabarnet Rawson’s Retreat
ירדן סירה,Shiraz Yarden
קטאייף שרימפס,Shrimp Kataif
קטאיף שרימפס,Shrimp Kataif
סינטה,Sirloin Steak
פינג'ן קטן,Small Fingan
טורקי קטן,Small Turkish
סמוקי מינט,Smokey Mint
Smoky Tomm'ys,Smoky Tommy's
סמוקי טומי'ס - פטרון,Smoky Tommy's (Patron)
סודה קטן,Soda
סולטנינה ורטמן,Soltenina Vartman
סאוטרן קומפורט,Southern Comfort
חריפים,Spicy Plate
ספרייט,Sprite
ספרייט זירו,Sprite Zero
סן ברננדוס טריפל,St Bernardus Triple
סן ז'רמן,St Germain
סנט פויילן גרנד קרו,St-Feuillien Grand Cru
לחם צוות,Staff Bread
לחם צוות 2,Staff Bread
סודה עובדות,Staff Soda
סטלה ארטואה,Stella Artois
סובוריק,Su Burek
סו בוריק,Sue Boric
פידה סוג'וק,Sujuk Pide
סולטאנה,Sultana
סומק שף ספיישל,Sumac Chef Spacial
סאמר ברנד,Summer Brand
סאמר וויב,Summer Vibes
סאמר וייבס בומביי,Summer Vibes (Bombay)
סוטלאץ',Sutlach
פידה מתוק,Sweet Pide
שקדי טלה,Sweetbread
טיבון 650 גר',T-Bone 650 Gr
טיבון 700 גר',T-Bone 700 Gr
טיבון 750 גר',T-Bone 750 Gr
טרטר טאבולה,Tabula Tartar
תה,Tea
הביצה אונזה,The Egg Of Onza
המילה האחרונה,The Last Word
טרי לצ'ה,Three Leches
וודקה טיטוס,Tito's
טיטוס,Tito's
סלט עגבניות,Tomato Salad
טוניק,Tonic
טוניק מרטיני,Tonic Martini
טרופיקל ג'ין,Tropical Gin
טובורג,Tuborg
פסטורמה טולום,Tulum Pastroma
קפה טורקי,Turkish Coffee
טורקיש דילייט,Turkish Delight
רחת לוקום,Turkish Delight
תה טורקי,Turkish Tea
צזיקי,Tziki
רזרבה V,V Reserva
ארוחה ונלטיינז,Valentines Meal
משולשי פילו טבעוני,Vegan Filo Snacks
מלבי טבעוני,Vegan Malbi
מסבחה טבעונית,Vegan Msabacha
שווארמה טבעונית,Vegan Shawarma
מוסקה צמחונית,Vegetarian Moussaka
ורדחו ויורה וינוס סאנס,Verdejo Viura Venus Sanz
וילה ברוקלין,Villa Brooklyn
קוקטייל ורג'ין,Virgin Cocktail
סנגריה ווירג'ין,Virgin Sangeria
Whiskey Smash,Whiskey Smash
וויט פראנק,White Frank
גראנש לבן,White Grenache
בקבוק יסמין לבן,White Jasmine Recanati
וויט טוליפ,White Tulip
וייט טוליפ,White Tulip
לברק שלם,Whole Seabass
וודפורד ריזרב,Woodford Reserve
יא' רוקה רוקה,Ya Roka Roka
יאני ראקי,Yini Raki
יני ראקי,Yini Raki
ייני ראקי 350,Yini Raki 350 ml
יני רקי 350,Yini Raki 350 ml
בקבוק יאני ראקי,Yini Raki Bottle
זנטו וולפוליצ'לה,Zenato Valpolicella Ripassa
סלט זוקיני,Zucchini Salad
צוויגלט,Zweigelt
cy kofte,Chai Cufta
antalia mule,Anatalia Mule
moky Tomm'Ys,Smoky Tommy's